Name,ImagePath
Ajiz_1,augmented_faces\Ajiz_1_0_0.jpg
Ajiz_1,augmented_faces\Ajiz_1_0_1.jpg
Ajiz_1,augmented_faces\Ajiz_1_0_2.jpg
Akhdann_1,augmented_faces\Akhdann_1_1_0.jpg
Akhdann_1,augmented_faces\Akhdann_1_1_1.jpg
Akhdann_1,augmented_faces\Akhdann_1_1_2.jpg
Akhdann_10,augmented_faces\Akhdann_10_2_0.jpg
Akhdann_10,augmented_faces\Akhdann_10_2_1.jpg
Akhdann_10,augmented_faces\Akhdann_10_2_2.jpg
Akhdann_11,augmented_faces\Akhdann_11_3_0.jpg
Akhdann_11,augmented_faces\Akhdann_11_3_1.jpg
Akhdann_11,augmented_faces\Akhdann_11_3_2.jpg
Akhdann_12,augmented_faces\Akhdann_12_4_0.jpg
Akhdann_12,augmented_faces\Akhdann_12_4_1.jpg
Akhdann_12,augmented_faces\Akhdann_12_4_2.jpg
Akhdann_13,augmented_faces\Akhdann_13_5_0.jpg
Akhdann_13,augmented_faces\Akhdann_13_5_1.jpg
Akhdann_13,augmented_faces\Akhdann_13_5_2.jpg
Akhdann_14,augmented_faces\Akhdann_14_6_0.jpg
Akhdann_14,augmented_faces\Akhdann_14_6_1.jpg
Akhdann_14,augmented_faces\Akhdann_14_6_2.jpg
Akhdann_15,augmented_faces\Akhdann_15_7_0.jpg
Akhdann_15,augmented_faces\Akhdann_15_7_1.jpg
Akhdann_15,augmented_faces\Akhdann_15_7_2.jpg
Akhdann_16,augmented_faces\Akhdann_16_8_0.jpg
Akhdann_16,augmented_faces\Akhdann_16_8_1.jpg
Akhdann_16,augmented_faces\Akhdann_16_8_2.jpg
Akhdann_17,augmented_faces\Akhdann_17_9_0.jpg
Akhdann_17,augmented_faces\Akhdann_17_9_1.jpg
Akhdann_17,augmented_faces\Akhdann_17_9_2.jpg
Akhdann_18,augmented_faces\Akhdann_18_10_0.jpg
Akhdann_18,augmented_faces\Akhdann_18_10_1.jpg
Akhdann_18,augmented_faces\Akhdann_18_10_2.jpg
Akhdann_19,augmented_faces\Akhdann_19_11_0.jpg
Akhdann_19,augmented_faces\Akhdann_19_11_1.jpg
Akhdann_19,augmented_faces\Akhdann_19_11_2.jpg
Akhdann_2,augmented_faces\Akhdann_2_12_0.jpg
Akhdann_2,augmented_faces\Akhdann_2_12_1.jpg
Akhdann_2,augmented_faces\Akhdann_2_12_2.jpg
Akhdann_20,augmented_faces\Akhdann_20_13_0.jpg
Akhdann_20,augmented_faces\Akhdann_20_13_1.jpg
Akhdann_20,augmented_faces\Akhdann_20_13_2.jpg
Akhdann_21,augmented_faces\Akhdann_21_14_0.jpg
Akhdann_21,augmented_faces\Akhdann_21_14_1.jpg
Akhdann_21,augmented_faces\Akhdann_21_14_2.jpg
Akhdann_22,augmented_faces\Akhdann_22_15_0.jpg
Akhdann_22,augmented_faces\Akhdann_22_15_1.jpg
Akhdann_22,augmented_faces\Akhdann_22_15_2.jpg
Akhdann_23,augmented_faces\Akhdann_23_16_0.jpg
Akhdann_23,augmented_faces\Akhdann_23_16_1.jpg
Akhdann_23,augmented_faces\Akhdann_23_16_2.jpg
Akhdann_24,augmented_faces\Akhdann_24_17_0.jpg
Akhdann_24,augmented_faces\Akhdann_24_17_1.jpg
Akhdann_24,augmented_faces\Akhdann_24_17_2.jpg
Akhdann_25,augmented_faces\Akhdann_25_18_0.jpg
Akhdann_25,augmented_faces\Akhdann_25_18_1.jpg
Akhdann_25,augmented_faces\Akhdann_25_18_2.jpg
Akhdann_26,augmented_faces\Akhdann_26_19_0.jpg
Akhdann_26,augmented_faces\Akhdann_26_19_1.jpg
Akhdann_26,augmented_faces\Akhdann_26_19_2.jpg
Akhdann_27,augmented_faces\Akhdann_27_20_0.jpg
Akhdann_27,augmented_faces\Akhdann_27_20_1.jpg
Akhdann_27,augmented_faces\Akhdann_27_20_2.jpg
Akhdann_28,augmented_faces\Akhdann_28_21_0.jpg
Akhdann_28,augmented_faces\Akhdann_28_21_1.jpg
Akhdann_28,augmented_faces\Akhdann_28_21_2.jpg
Akhdann_29,augmented_faces\Akhdann_29_22_0.jpg
Akhdann_29,augmented_faces\Akhdann_29_22_1.jpg
Akhdann_29,augmented_faces\Akhdann_29_22_2.jpg
Akhdann_3,augmented_faces\Akhdann_3_23_0.jpg
Akhdann_3,augmented_faces\Akhdann_3_23_1.jpg
Akhdann_3,augmented_faces\Akhdann_3_23_2.jpg
Akhdann_30,augmented_faces\Akhdann_30_24_0.jpg
Akhdann_30,augmented_faces\Akhdann_30_24_1.jpg
Akhdann_30,augmented_faces\Akhdann_30_24_2.jpg
Akhdann_31,augmented_faces\Akhdann_31_25_0.jpg
Akhdann_31,augmented_faces\Akhdann_31_25_1.jpg
Akhdann_31,augmented_faces\Akhdann_31_25_2.jpg
Akhdann_32,augmented_faces\Akhdann_32_26_0.jpg
Akhdann_32,augmented_faces\Akhdann_32_26_1.jpg
Akhdann_32,augmented_faces\Akhdann_32_26_2.jpg
Akhdann_33,augmented_faces\Akhdann_33_27_0.jpg
Akhdann_33,augmented_faces\Akhdann_33_27_1.jpg
Akhdann_33,augmented_faces\Akhdann_33_27_2.jpg
Akhdann_34,augmented_faces\Akhdann_34_28_0.jpg
Akhdann_34,augmented_faces\Akhdann_34_28_1.jpg
Akhdann_34,augmented_faces\Akhdann_34_28_2.jpg
Akhdann_35,augmented_faces\Akhdann_35_29_0.jpg
Akhdann_35,augmented_faces\Akhdann_35_29_1.jpg
Akhdann_35,augmented_faces\Akhdann_35_29_2.jpg
Akhdann_36,augmented_faces\Akhdann_36_30_0.jpg
Akhdann_36,augmented_faces\Akhdann_36_30_1.jpg
Akhdann_36,augmented_faces\Akhdann_36_30_2.jpg
Akhdann_37,augmented_faces\Akhdann_37_31_0.jpg
Akhdann_37,augmented_faces\Akhdann_37_31_1.jpg
Akhdann_37,augmented_faces\Akhdann_37_31_2.jpg
Akhdann_38,augmented_faces\Akhdann_38_32_0.jpg
Akhdann_38,augmented_faces\Akhdann_38_32_1.jpg
Akhdann_38,augmented_faces\Akhdann_38_32_2.jpg
Akhdann_39,augmented_faces\Akhdann_39_33_0.jpg
Akhdann_39,augmented_faces\Akhdann_39_33_1.jpg
Akhdann_39,augmented_faces\Akhdann_39_33_2.jpg
Akhdann_4,augmented_faces\Akhdann_4_34_0.jpg
Akhdann_4,augmented_faces\Akhdann_4_34_1.jpg
Akhdann_4,augmented_faces\Akhdann_4_34_2.jpg
Akhdann_40,augmented_faces\Akhdann_40_35_0.jpg
Akhdann_40,augmented_faces\Akhdann_40_35_1.jpg
Akhdann_40,augmented_faces\Akhdann_40_35_2.jpg
Akhdann_41,augmented_faces\Akhdann_41_36_0.jpg
Akhdann_41,augmented_faces\Akhdann_41_36_1.jpg
Akhdann_41,augmented_faces\Akhdann_41_36_2.jpg
Akhdann_42,augmented_faces\Akhdann_42_37_0.jpg
Akhdann_42,augmented_faces\Akhdann_42_37_1.jpg
Akhdann_42,augmented_faces\Akhdann_42_37_2.jpg
Akhdann_43,augmented_faces\Akhdann_43_38_0.jpg
Akhdann_43,augmented_faces\Akhdann_43_38_1.jpg
Akhdann_43,augmented_faces\Akhdann_43_38_2.jpg
Akhdann_44,augmented_faces\Akhdann_44_39_0.jpg
Akhdann_44,augmented_faces\Akhdann_44_39_1.jpg
Akhdann_44,augmented_faces\Akhdann_44_39_2.jpg
Akhdann_45,augmented_faces\Akhdann_45_40_0.jpg
Akhdann_45,augmented_faces\Akhdann_45_40_1.jpg
Akhdann_45,augmented_faces\Akhdann_45_40_2.jpg
Akhdann_46,augmented_faces\Akhdann_46_41_0.jpg
Akhdann_46,augmented_faces\Akhdann_46_41_1.jpg
Akhdann_46,augmented_faces\Akhdann_46_41_2.jpg
Akhdann_47,augmented_faces\Akhdann_47_42_0.jpg
Akhdann_47,augmented_faces\Akhdann_47_42_1.jpg
Akhdann_47,augmented_faces\Akhdann_47_42_2.jpg
Akhdann_48,augmented_faces\Akhdann_48_43_0.jpg
Akhdann_48,augmented_faces\Akhdann_48_43_1.jpg
Akhdann_48,augmented_faces\Akhdann_48_43_2.jpg
Akhdann_49,augmented_faces\Akhdann_49_44_0.jpg
Akhdann_49,augmented_faces\Akhdann_49_44_1.jpg
Akhdann_49,augmented_faces\Akhdann_49_44_2.jpg
Akhdann_5,augmented_faces\Akhdann_5_45_0.jpg
Akhdann_5,augmented_faces\Akhdann_5_45_1.jpg
Akhdann_5,augmented_faces\Akhdann_5_45_2.jpg
Akhdann_50,augmented_faces\Akhdann_50_46_0.jpg
Akhdann_50,augmented_faces\Akhdann_50_46_1.jpg
Akhdann_50,augmented_faces\Akhdann_50_46_2.jpg
Akhdann_6,augmented_faces\Akhdann_6_47_0.jpg
Akhdann_6,augmented_faces\Akhdann_6_47_1.jpg
Akhdann_6,augmented_faces\Akhdann_6_47_2.jpg
Akhdann_7,augmented_faces\Akhdann_7_48_0.jpg
Akhdann_7,augmented_faces\Akhdann_7_48_1.jpg
Akhdann_7,augmented_faces\Akhdann_7_48_2.jpg
Akhdann_8,augmented_faces\Akhdann_8_49_0.jpg
Akhdann_8,augmented_faces\Akhdann_8_49_1.jpg
Akhdann_8,augmented_faces\Akhdann_8_49_2.jpg
Akhdann_9,augmented_faces\Akhdann_9_50_0.jpg
Akhdann_9,augmented_faces\Akhdann_9_50_1.jpg
Akhdann_9,augmented_faces\Akhdann_9_50_2.jpg
fany_1,augmented_faces\fany_1_51_0.jpg
fany_1,augmented_faces\fany_1_51_1.jpg
fany_1,augmented_faces\fany_1_51_2.jpg
firman_1,augmented_faces\firman_1_52_0.jpg
firman_1,augmented_faces\firman_1_52_1.jpg
firman_1,augmented_faces\firman_1_52_2.jpg
firman_10,augmented_faces\firman_10_53_0.jpg
firman_10,augmented_faces\firman_10_53_1.jpg
firman_10,augmented_faces\firman_10_53_2.jpg
firman_11,augmented_faces\firman_11_54_0.jpg
firman_11,augmented_faces\firman_11_54_1.jpg
firman_11,augmented_faces\firman_11_54_2.jpg
firman_12,augmented_faces\firman_12_55_0.jpg
firman_12,augmented_faces\firman_12_55_1.jpg
firman_12,augmented_faces\firman_12_55_2.jpg
firman_13,augmented_faces\firman_13_56_0.jpg
firman_13,augmented_faces\firman_13_56_1.jpg
firman_13,augmented_faces\firman_13_56_2.jpg
firman_14,augmented_faces\firman_14_57_0.jpg
firman_14,augmented_faces\firman_14_57_1.jpg
firman_14,augmented_faces\firman_14_57_2.jpg
firman_15,augmented_faces\firman_15_58_0.jpg
firman_15,augmented_faces\firman_15_58_1.jpg
firman_15,augmented_faces\firman_15_58_2.jpg
firman_16,augmented_faces\firman_16_59_0.jpg
firman_16,augmented_faces\firman_16_59_1.jpg
firman_16,augmented_faces\firman_16_59_2.jpg
firman_17,augmented_faces\firman_17_60_0.jpg
firman_17,augmented_faces\firman_17_60_1.jpg
firman_17,augmented_faces\firman_17_60_2.jpg
firman_18,augmented_faces\firman_18_61_0.jpg
firman_18,augmented_faces\firman_18_61_1.jpg
firman_18,augmented_faces\firman_18_61_2.jpg
firman_19,augmented_faces\firman_19_62_0.jpg
firman_19,augmented_faces\firman_19_62_1.jpg
firman_19,augmented_faces\firman_19_62_2.jpg
firman_2,augmented_faces\firman_2_63_0.jpg
firman_2,augmented_faces\firman_2_63_1.jpg
firman_2,augmented_faces\firman_2_63_2.jpg
firman_20,augmented_faces\firman_20_64_0.jpg
firman_20,augmented_faces\firman_20_64_1.jpg
firman_20,augmented_faces\firman_20_64_2.jpg
firman_21,augmented_faces\firman_21_65_0.jpg
firman_21,augmented_faces\firman_21_65_1.jpg
firman_21,augmented_faces\firman_21_65_2.jpg
firman_22,augmented_faces\firman_22_66_0.jpg
firman_22,augmented_faces\firman_22_66_1.jpg
firman_22,augmented_faces\firman_22_66_2.jpg
firman_23,augmented_faces\firman_23_67_0.jpg
firman_23,augmented_faces\firman_23_67_1.jpg
firman_23,augmented_faces\firman_23_67_2.jpg
firman_24,augmented_faces\firman_24_68_0.jpg
firman_24,augmented_faces\firman_24_68_1.jpg
firman_24,augmented_faces\firman_24_68_2.jpg
firman_25,augmented_faces\firman_25_69_0.jpg
firman_25,augmented_faces\firman_25_69_1.jpg
firman_25,augmented_faces\firman_25_69_2.jpg
firman_26,augmented_faces\firman_26_70_0.jpg
firman_26,augmented_faces\firman_26_70_1.jpg
firman_26,augmented_faces\firman_26_70_2.jpg
firman_27,augmented_faces\firman_27_71_0.jpg
firman_27,augmented_faces\firman_27_71_1.jpg
firman_27,augmented_faces\firman_27_71_2.jpg
firman_28,augmented_faces\firman_28_72_0.jpg
firman_28,augmented_faces\firman_28_72_1.jpg
firman_28,augmented_faces\firman_28_72_2.jpg
firman_29,augmented_faces\firman_29_73_0.jpg
firman_29,augmented_faces\firman_29_73_1.jpg
firman_29,augmented_faces\firman_29_73_2.jpg
firman_3,augmented_faces\firman_3_74_0.jpg
firman_3,augmented_faces\firman_3_74_1.jpg
firman_3,augmented_faces\firman_3_74_2.jpg
firman_30,augmented_faces\firman_30_75_0.jpg
firman_30,augmented_faces\firman_30_75_1.jpg
firman_30,augmented_faces\firman_30_75_2.jpg
firman_31,augmented_faces\firman_31_76_0.jpg
firman_31,augmented_faces\firman_31_76_1.jpg
firman_31,augmented_faces\firman_31_76_2.jpg
firman_32,augmented_faces\firman_32_77_0.jpg
firman_32,augmented_faces\firman_32_77_1.jpg
firman_32,augmented_faces\firman_32_77_2.jpg
firman_33,augmented_faces\firman_33_78_0.jpg
firman_33,augmented_faces\firman_33_78_1.jpg
firman_33,augmented_faces\firman_33_78_2.jpg
firman_34,augmented_faces\firman_34_79_0.jpg
firman_34,augmented_faces\firman_34_79_1.jpg
firman_34,augmented_faces\firman_34_79_2.jpg
firman_35,augmented_faces\firman_35_80_0.jpg
firman_35,augmented_faces\firman_35_80_1.jpg
firman_35,augmented_faces\firman_35_80_2.jpg
firman_36,augmented_faces\firman_36_81_0.jpg
firman_36,augmented_faces\firman_36_81_1.jpg
firman_36,augmented_faces\firman_36_81_2.jpg
firman_37,augmented_faces\firman_37_82_0.jpg
firman_37,augmented_faces\firman_37_82_1.jpg
firman_37,augmented_faces\firman_37_82_2.jpg
firman_38,augmented_faces\firman_38_83_0.jpg
firman_38,augmented_faces\firman_38_83_1.jpg
firman_38,augmented_faces\firman_38_83_2.jpg
firman_39,augmented_faces\firman_39_84_0.jpg
firman_39,augmented_faces\firman_39_84_1.jpg
firman_39,augmented_faces\firman_39_84_2.jpg
firman_4,augmented_faces\firman_4_85_0.jpg
firman_4,augmented_faces\firman_4_85_1.jpg
firman_4,augmented_faces\firman_4_85_2.jpg
firman_40,augmented_faces\firman_40_86_0.jpg
firman_40,augmented_faces\firman_40_86_1.jpg
firman_40,augmented_faces\firman_40_86_2.jpg
firman_41,augmented_faces\firman_41_87_0.jpg
firman_41,augmented_faces\firman_41_87_1.jpg
firman_41,augmented_faces\firman_41_87_2.jpg
firman_42,augmented_faces\firman_42_88_0.jpg
firman_42,augmented_faces\firman_42_88_1.jpg
firman_42,augmented_faces\firman_42_88_2.jpg
firman_43,augmented_faces\firman_43_89_0.jpg
firman_43,augmented_faces\firman_43_89_1.jpg
firman_43,augmented_faces\firman_43_89_2.jpg
firman_44,augmented_faces\firman_44_90_0.jpg
firman_44,augmented_faces\firman_44_90_1.jpg
firman_44,augmented_faces\firman_44_90_2.jpg
firman_45,augmented_faces\firman_45_91_0.jpg
firman_45,augmented_faces\firman_45_91_1.jpg
firman_45,augmented_faces\firman_45_91_2.jpg
firman_46,augmented_faces\firman_46_92_0.jpg
firman_46,augmented_faces\firman_46_92_1.jpg
firman_46,augmented_faces\firman_46_92_2.jpg
firman_47,augmented_faces\firman_47_93_0.jpg
firman_47,augmented_faces\firman_47_93_1.jpg
firman_47,augmented_faces\firman_47_93_2.jpg
firman_48,augmented_faces\firman_48_94_0.jpg
firman_48,augmented_faces\firman_48_94_1.jpg
firman_48,augmented_faces\firman_48_94_2.jpg
firman_49,augmented_faces\firman_49_95_0.jpg
firman_49,augmented_faces\firman_49_95_1.jpg
firman_49,augmented_faces\firman_49_95_2.jpg
firman_5,augmented_faces\firman_5_96_0.jpg
firman_5,augmented_faces\firman_5_96_1.jpg
firman_5,augmented_faces\firman_5_96_2.jpg
firman_50,augmented_faces\firman_50_97_0.jpg
firman_50,augmented_faces\firman_50_97_1.jpg
firman_50,augmented_faces\firman_50_97_2.jpg
firman_6,augmented_faces\firman_6_98_0.jpg
firman_6,augmented_faces\firman_6_98_1.jpg
firman_6,augmented_faces\firman_6_98_2.jpg
firman_7,augmented_faces\firman_7_99_0.jpg
firman_7,augmented_faces\firman_7_99_1.jpg
firman_7,augmented_faces\firman_7_99_2.jpg
firman_8,augmented_faces\firman_8_100_0.jpg
firman_8,augmented_faces\firman_8_100_1.jpg
firman_8,augmented_faces\firman_8_100_2.jpg
firman_9,augmented_faces\firman_9_101_0.jpg
firman_9,augmented_faces\firman_9_101_1.jpg
firman_9,augmented_faces\firman_9_101_2.jpg
havid_1,augmented_faces\havid_1_102_0.jpg
havid_1,augmented_faces\havid_1_102_1.jpg
havid_1,augmented_faces\havid_1_102_2.jpg
havid_10,augmented_faces\havid_10_103_0.jpg
havid_10,augmented_faces\havid_10_103_1.jpg
havid_10,augmented_faces\havid_10_103_2.jpg
havid_11,augmented_faces\havid_11_104_0.jpg
havid_11,augmented_faces\havid_11_104_1.jpg
havid_11,augmented_faces\havid_11_104_2.jpg
havid_12,augmented_faces\havid_12_105_0.jpg
havid_12,augmented_faces\havid_12_105_1.jpg
havid_12,augmented_faces\havid_12_105_2.jpg
havid_13,augmented_faces\havid_13_106_0.jpg
havid_13,augmented_faces\havid_13_106_1.jpg
havid_13,augmented_faces\havid_13_106_2.jpg
havid_14,augmented_faces\havid_14_107_0.jpg
havid_14,augmented_faces\havid_14_107_1.jpg
havid_14,augmented_faces\havid_14_107_2.jpg
havid_15,augmented_faces\havid_15_108_0.jpg
havid_15,augmented_faces\havid_15_108_1.jpg
havid_15,augmented_faces\havid_15_108_2.jpg
havid_16,augmented_faces\havid_16_109_0.jpg
havid_16,augmented_faces\havid_16_109_1.jpg
havid_16,augmented_faces\havid_16_109_2.jpg
havid_17,augmented_faces\havid_17_110_0.jpg
havid_17,augmented_faces\havid_17_110_1.jpg
havid_17,augmented_faces\havid_17_110_2.jpg
havid_18,augmented_faces\havid_18_111_0.jpg
havid_18,augmented_faces\havid_18_111_1.jpg
havid_18,augmented_faces\havid_18_111_2.jpg
havid_19,augmented_faces\havid_19_112_0.jpg
havid_19,augmented_faces\havid_19_112_1.jpg
havid_19,augmented_faces\havid_19_112_2.jpg
havid_2,augmented_faces\havid_2_113_0.jpg
havid_2,augmented_faces\havid_2_113_1.jpg
havid_2,augmented_faces\havid_2_113_2.jpg
havid_20,augmented_faces\havid_20_114_0.jpg
havid_20,augmented_faces\havid_20_114_1.jpg
havid_20,augmented_faces\havid_20_114_2.jpg
havid_21,augmented_faces\havid_21_115_0.jpg
havid_21,augmented_faces\havid_21_115_1.jpg
havid_21,augmented_faces\havid_21_115_2.jpg
havid_22,augmented_faces\havid_22_116_0.jpg
havid_22,augmented_faces\havid_22_116_1.jpg
havid_22,augmented_faces\havid_22_116_2.jpg
havid_23,augmented_faces\havid_23_117_0.jpg
havid_23,augmented_faces\havid_23_117_1.jpg
havid_23,augmented_faces\havid_23_117_2.jpg
havid_24,augmented_faces\havid_24_118_0.jpg
havid_24,augmented_faces\havid_24_118_1.jpg
havid_24,augmented_faces\havid_24_118_2.jpg
havid_25,augmented_faces\havid_25_119_0.jpg
havid_25,augmented_faces\havid_25_119_1.jpg
havid_25,augmented_faces\havid_25_119_2.jpg
havid_26,augmented_faces\havid_26_120_0.jpg
havid_26,augmented_faces\havid_26_120_1.jpg
havid_26,augmented_faces\havid_26_120_2.jpg
havid_27,augmented_faces\havid_27_121_0.jpg
havid_27,augmented_faces\havid_27_121_1.jpg
havid_27,augmented_faces\havid_27_121_2.jpg
havid_28,augmented_faces\havid_28_122_0.jpg
havid_28,augmented_faces\havid_28_122_1.jpg
havid_28,augmented_faces\havid_28_122_2.jpg
havid_29,augmented_faces\havid_29_123_0.jpg
havid_29,augmented_faces\havid_29_123_1.jpg
havid_29,augmented_faces\havid_29_123_2.jpg
havid_3,augmented_faces\havid_3_124_0.jpg
havid_3,augmented_faces\havid_3_124_1.jpg
havid_3,augmented_faces\havid_3_124_2.jpg
havid_30,augmented_faces\havid_30_125_0.jpg
havid_30,augmented_faces\havid_30_125_1.jpg
havid_30,augmented_faces\havid_30_125_2.jpg
havid_31,augmented_faces\havid_31_126_0.jpg
havid_31,augmented_faces\havid_31_126_1.jpg
havid_31,augmented_faces\havid_31_126_2.jpg
havid_32,augmented_faces\havid_32_127_0.jpg
havid_32,augmented_faces\havid_32_127_1.jpg
havid_32,augmented_faces\havid_32_127_2.jpg
havid_33,augmented_faces\havid_33_128_0.jpg
havid_33,augmented_faces\havid_33_128_1.jpg
havid_33,augmented_faces\havid_33_128_2.jpg
havid_34,augmented_faces\havid_34_129_0.jpg
havid_34,augmented_faces\havid_34_129_1.jpg
havid_34,augmented_faces\havid_34_129_2.jpg
havid_35,augmented_faces\havid_35_130_0.jpg
havid_35,augmented_faces\havid_35_130_1.jpg
havid_35,augmented_faces\havid_35_130_2.jpg
havid_36,augmented_faces\havid_36_131_0.jpg
havid_36,augmented_faces\havid_36_131_1.jpg
havid_36,augmented_faces\havid_36_131_2.jpg
havid_37,augmented_faces\havid_37_132_0.jpg
havid_37,augmented_faces\havid_37_132_1.jpg
havid_37,augmented_faces\havid_37_132_2.jpg
havid_38,augmented_faces\havid_38_133_0.jpg
havid_38,augmented_faces\havid_38_133_1.jpg
havid_38,augmented_faces\havid_38_133_2.jpg
havid_39,augmented_faces\havid_39_134_0.jpg
havid_39,augmented_faces\havid_39_134_1.jpg
havid_39,augmented_faces\havid_39_134_2.jpg
havid_4,augmented_faces\havid_4_135_0.jpg
havid_4,augmented_faces\havid_4_135_1.jpg
havid_4,augmented_faces\havid_4_135_2.jpg
havid_40,augmented_faces\havid_40_136_0.jpg
havid_40,augmented_faces\havid_40_136_1.jpg
havid_40,augmented_faces\havid_40_136_2.jpg
havid_41,augmented_faces\havid_41_137_0.jpg
havid_41,augmented_faces\havid_41_137_1.jpg
havid_41,augmented_faces\havid_41_137_2.jpg
havid_42,augmented_faces\havid_42_138_0.jpg
havid_42,augmented_faces\havid_42_138_1.jpg
havid_42,augmented_faces\havid_42_138_2.jpg
havid_43,augmented_faces\havid_43_139_0.jpg
havid_43,augmented_faces\havid_43_139_1.jpg
havid_43,augmented_faces\havid_43_139_2.jpg
havid_44,augmented_faces\havid_44_140_0.jpg
havid_44,augmented_faces\havid_44_140_1.jpg
havid_44,augmented_faces\havid_44_140_2.jpg
havid_45,augmented_faces\havid_45_141_0.jpg
havid_45,augmented_faces\havid_45_141_1.jpg
havid_45,augmented_faces\havid_45_141_2.jpg
havid_46,augmented_faces\havid_46_142_0.jpg
havid_46,augmented_faces\havid_46_142_1.jpg
havid_46,augmented_faces\havid_46_142_2.jpg
havid_47,augmented_faces\havid_47_143_0.jpg
havid_47,augmented_faces\havid_47_143_1.jpg
havid_47,augmented_faces\havid_47_143_2.jpg
havid_48,augmented_faces\havid_48_144_0.jpg
havid_48,augmented_faces\havid_48_144_1.jpg
havid_48,augmented_faces\havid_48_144_2.jpg
havid_49,augmented_faces\havid_49_145_0.jpg
havid_49,augmented_faces\havid_49_145_1.jpg
havid_49,augmented_faces\havid_49_145_2.jpg
havid_5,augmented_faces\havid_5_146_0.jpg
havid_5,augmented_faces\havid_5_146_1.jpg
havid_5,augmented_faces\havid_5_146_2.jpg
havid_50,augmented_faces\havid_50_147_0.jpg
havid_50,augmented_faces\havid_50_147_1.jpg
havid_50,augmented_faces\havid_50_147_2.jpg
havid_6,augmented_faces\havid_6_148_0.jpg
havid_6,augmented_faces\havid_6_148_1.jpg
havid_6,augmented_faces\havid_6_148_2.jpg
havid_7,augmented_faces\havid_7_149_0.jpg
havid_7,augmented_faces\havid_7_149_1.jpg
havid_7,augmented_faces\havid_7_149_2.jpg
havid_8,augmented_faces\havid_8_150_0.jpg
havid_8,augmented_faces\havid_8_150_1.jpg
havid_8,augmented_faces\havid_8_150_2.jpg
havid_9,augmented_faces\havid_9_151_0.jpg
havid_9,augmented_faces\havid_9_151_1.jpg
havid_9,augmented_faces\havid_9_151_2.jpg
samudra_1,augmented_faces\samudra_1_152_0.jpg
samudra_1,augmented_faces\samudra_1_152_1.jpg
samudra_1,augmented_faces\samudra_1_152_2.jpg
samudra_10,augmented_faces\samudra_10_153_0.jpg
samudra_10,augmented_faces\samudra_10_153_1.jpg
samudra_10,augmented_faces\samudra_10_153_2.jpg
samudra_11,augmented_faces\samudra_11_154_0.jpg
samudra_11,augmented_faces\samudra_11_154_1.jpg
samudra_11,augmented_faces\samudra_11_154_2.jpg
samudra_12,augmented_faces\samudra_12_155_0.jpg
samudra_12,augmented_faces\samudra_12_155_1.jpg
samudra_12,augmented_faces\samudra_12_155_2.jpg
samudra_13,augmented_faces\samudra_13_156_0.jpg
samudra_13,augmented_faces\samudra_13_156_1.jpg
samudra_13,augmented_faces\samudra_13_156_2.jpg
samudra_14,augmented_faces\samudra_14_157_0.jpg
samudra_14,augmented_faces\samudra_14_157_1.jpg
samudra_14,augmented_faces\samudra_14_157_2.jpg
samudra_15,augmented_faces\samudra_15_158_0.jpg
samudra_15,augmented_faces\samudra_15_158_1.jpg
samudra_15,augmented_faces\samudra_15_158_2.jpg
samudra_16,augmented_faces\samudra_16_159_0.jpg
samudra_16,augmented_faces\samudra_16_159_1.jpg
samudra_16,augmented_faces\samudra_16_159_2.jpg
samudra_17,augmented_faces\samudra_17_160_0.jpg
samudra_17,augmented_faces\samudra_17_160_1.jpg
samudra_17,augmented_faces\samudra_17_160_2.jpg
samudra_18,augmented_faces\samudra_18_161_0.jpg
samudra_18,augmented_faces\samudra_18_161_1.jpg
samudra_18,augmented_faces\samudra_18_161_2.jpg
samudra_19,augmented_faces\samudra_19_162_0.jpg
samudra_19,augmented_faces\samudra_19_162_1.jpg
samudra_19,augmented_faces\samudra_19_162_2.jpg
samudra_20,augmented_faces\samudra_20_163_0.jpg
samudra_20,augmented_faces\samudra_20_163_1.jpg
samudra_20,augmented_faces\samudra_20_163_2.jpg
samudra_21,augmented_faces\samudra_21_164_0.jpg
samudra_21,augmented_faces\samudra_21_164_1.jpg
samudra_21,augmented_faces\samudra_21_164_2.jpg
samudra_22,augmented_faces\samudra_22_165_0.jpg
samudra_22,augmented_faces\samudra_22_165_1.jpg
samudra_22,augmented_faces\samudra_22_165_2.jpg
samudra_23,augmented_faces\samudra_23_166_0.jpg
samudra_23,augmented_faces\samudra_23_166_1.jpg
samudra_23,augmented_faces\samudra_23_166_2.jpg
samudra_24,augmented_faces\samudra_24_167_0.jpg
samudra_24,augmented_faces\samudra_24_167_1.jpg
samudra_24,augmented_faces\samudra_24_167_2.jpg
samudra_25,augmented_faces\samudra_25_168_0.jpg
samudra_25,augmented_faces\samudra_25_168_1.jpg
samudra_25,augmented_faces\samudra_25_168_2.jpg
samudra_26,augmented_faces\samudra_26_169_0.jpg
samudra_26,augmented_faces\samudra_26_169_1.jpg
samudra_26,augmented_faces\samudra_26_169_2.jpg
samudra_27,augmented_faces\samudra_27_170_0.jpg
samudra_27,augmented_faces\samudra_27_170_1.jpg
samudra_27,augmented_faces\samudra_27_170_2.jpg
samudra_28,augmented_faces\samudra_28_171_0.jpg
samudra_28,augmented_faces\samudra_28_171_1.jpg
samudra_28,augmented_faces\samudra_28_171_2.jpg
samudra_29,augmented_faces\samudra_29_172_0.jpg
samudra_29,augmented_faces\samudra_29_172_1.jpg
samudra_29,augmented_faces\samudra_29_172_2.jpg
samudra_30,augmented_faces\samudra_30_173_0.jpg
samudra_30,augmented_faces\samudra_30_173_1.jpg
samudra_30,augmented_faces\samudra_30_173_2.jpg
samudra_31,augmented_faces\samudra_31_174_0.jpg
samudra_31,augmented_faces\samudra_31_174_1.jpg
samudra_31,augmented_faces\samudra_31_174_2.jpg
samudra_32,augmented_faces\samudra_32_175_0.jpg
samudra_32,augmented_faces\samudra_32_175_1.jpg
samudra_32,augmented_faces\samudra_32_175_2.jpg
samudra_33,augmented_faces\samudra_33_176_0.jpg
samudra_33,augmented_faces\samudra_33_176_1.jpg
samudra_33,augmented_faces\samudra_33_176_2.jpg
samudra_34,augmented_faces\samudra_34_177_0.jpg
samudra_34,augmented_faces\samudra_34_177_1.jpg
samudra_34,augmented_faces\samudra_34_177_2.jpg
samudra_35,augmented_faces\samudra_35_178_0.jpg
samudra_35,augmented_faces\samudra_35_178_1.jpg
samudra_35,augmented_faces\samudra_35_178_2.jpg
samudra_36,augmented_faces\samudra_36_179_0.jpg
samudra_36,augmented_faces\samudra_36_179_1.jpg
samudra_36,augmented_faces\samudra_36_179_2.jpg
samudra_37,augmented_faces\samudra_37_180_0.jpg
samudra_37,augmented_faces\samudra_37_180_1.jpg
samudra_37,augmented_faces\samudra_37_180_2.jpg
samudra_38,augmented_faces\samudra_38_181_0.jpg
samudra_38,augmented_faces\samudra_38_181_1.jpg
samudra_38,augmented_faces\samudra_38_181_2.jpg
samudra_39,augmented_faces\samudra_39_182_0.jpg
samudra_39,augmented_faces\samudra_39_182_1.jpg
samudra_39,augmented_faces\samudra_39_182_2.jpg
samudra_4,augmented_faces\samudra_4_183_0.jpg
samudra_4,augmented_faces\samudra_4_183_1.jpg
samudra_4,augmented_faces\samudra_4_183_2.jpg
samudra_40,augmented_faces\samudra_40_184_0.jpg
samudra_40,augmented_faces\samudra_40_184_1.jpg
samudra_40,augmented_faces\samudra_40_184_2.jpg
samudra_41,augmented_faces\samudra_41_185_0.jpg
samudra_41,augmented_faces\samudra_41_185_1.jpg
samudra_41,augmented_faces\samudra_41_185_2.jpg
samudra_42,augmented_faces\samudra_42_186_0.jpg
samudra_42,augmented_faces\samudra_42_186_1.jpg
samudra_42,augmented_faces\samudra_42_186_2.jpg
samudra_43,augmented_faces\samudra_43_187_0.jpg
samudra_43,augmented_faces\samudra_43_187_1.jpg
samudra_43,augmented_faces\samudra_43_187_2.jpg
samudra_44,augmented_faces\samudra_44_188_0.jpg
samudra_44,augmented_faces\samudra_44_188_1.jpg
samudra_44,augmented_faces\samudra_44_188_2.jpg
samudra_45,augmented_faces\samudra_45_189_0.jpg
samudra_45,augmented_faces\samudra_45_189_1.jpg
samudra_45,augmented_faces\samudra_45_189_2.jpg
samudra_46,augmented_faces\samudra_46_190_0.jpg
samudra_46,augmented_faces\samudra_46_190_1.jpg
samudra_46,augmented_faces\samudra_46_190_2.jpg
samudra_47,augmented_faces\samudra_47_191_0.jpg
samudra_47,augmented_faces\samudra_47_191_1.jpg
samudra_47,augmented_faces\samudra_47_191_2.jpg
samudra_48,augmented_faces\samudra_48_192_0.jpg
samudra_48,augmented_faces\samudra_48_192_1.jpg
samudra_48,augmented_faces\samudra_48_192_2.jpg
samudra_49,augmented_faces\samudra_49_193_0.jpg
samudra_49,augmented_faces\samudra_49_193_1.jpg
samudra_49,augmented_faces\samudra_49_193_2.jpg
samudra_5,augmented_faces\samudra_5_194_0.jpg
samudra_5,augmented_faces\samudra_5_194_1.jpg
samudra_5,augmented_faces\samudra_5_194_2.jpg
samudra_50,augmented_faces\samudra_50_195_0.jpg
samudra_50,augmented_faces\samudra_50_195_1.jpg
samudra_50,augmented_faces\samudra_50_195_2.jpg
samudra_6,augmented_faces\samudra_6_196_0.jpg
samudra_6,augmented_faces\samudra_6_196_1.jpg
samudra_6,augmented_faces\samudra_6_196_2.jpg
samudra_7,augmented_faces\samudra_7_197_0.jpg
samudra_7,augmented_faces\samudra_7_197_1.jpg
samudra_7,augmented_faces\samudra_7_197_2.jpg
samudra_8,augmented_faces\samudra_8_198_0.jpg
samudra_8,augmented_faces\samudra_8_198_1.jpg
samudra_8,augmented_faces\samudra_8_198_2.jpg
samudra_9,augmented_faces\samudra_9_199_0.jpg
samudra_9,augmented_faces\samudra_9_199_1.jpg
samudra_9,augmented_faces\samudra_9_199_2.jpg
Surya_1,augmented_faces\Surya_1_200_0.jpg
Surya_1,augmented_faces\Surya_1_200_1.jpg
Surya_1,augmented_faces\Surya_1_200_2.jpg
